depth,expressions,booleans,always-true,always-false,alternatives,local-functions
1,0.7321428571428571,1.0,0.3076923076923077,0.15384615384615385,0.6410256410256411,0.8125
5,0.8735119047619048,0.9230769230769231,0.3076923076923077,7.692307692307693e-2,0.8205128205128205,1.0
10,0.9657738095238095,1.0,0.3076923076923077,0.0,0.9487179487179487,1.0
15,0.9657738095238095,1.0,0.3076923076923077,0.0,0.9487179487179487,1.0
20,0.9657738095238095,1.0,0.3076923076923077,0.0,0.9487179487179487,1.0
25,0.9657738095238095,1.0,0.3076923076923077,0.0,0.9487179487179487,1.0
30,0.9657738095238095,1.0,0.3076923076923077,0.0,0.9487179487179487,1.0
