depth,expressions,booleans,always-true,always-false,alternatives,local-functions
1,0.5421875,0.6923076923076923,0.15384615384615385,0.15384615384615385,0.4358974358974359,0.8333333333333334
5,0.5625,0.6153846153846154,0.15384615384615385,0.15384615384615385,0.46153846153846156,0.9166666666666666
10,0.6125,0.6923076923076923,0.15384615384615385,0.15384615384615385,0.48717948717948717,0.9166666666666666
15,0.5453125,0.6923076923076923,0.15384615384615385,0.15384615384615385,0.4358974358974359,0.8333333333333334
20,0.5109375,0.6923076923076923,0.15384615384615385,0.15384615384615385,0.41025641025641024,0.8333333333333334
25,0.553125,0.6923076923076923,0.15384615384615385,0.15384615384615385,0.4358974358974359,0.8333333333333334
30,0.5046875,0.6923076923076923,0.15384615384615385,0.15384615384615385,0.41025641025641024,0.8333333333333334
