depth,expressions,booleans,always-true,always-false,alternatives,local-functions
1,0.534375,0.7692307692307693,0.46153846153846156,0.3076923076923077,0.38461538461538464,0.75
5,0.546875,0.7692307692307693,0.46153846153846156,0.23076923076923078,0.41025641025641024,0.75
10,0.546875,0.7692307692307693,0.46153846153846156,0.23076923076923078,0.41025641025641024,0.75
15,0.54375,0.7692307692307693,0.46153846153846156,0.23076923076923078,0.41025641025641024,0.75
20,0.546875,0.7692307692307693,0.46153846153846156,0.23076923076923078,0.41025641025641024,0.75
25,0.546875,0.7692307692307693,0.46153846153846156,0.23076923076923078,0.41025641025641024,0.75
30,0.546875,0.7692307692307693,0.46153846153846156,0.23076923076923078,0.41025641025641024,0.75
